{
	"credit": "Created by J.H. using BlockBench",
	"parent": "minecraft:fishing_rod",
	"texture_size": [32, 32],
	"textures": {
		"2": "op_rod_dp:item/op_fishing_rod/op_rod"
	},
	"elements": [
		{
			"from": [8, 0, 0],
			"to": [8, 16, 16],
			"rotation": {"angle": 0, "axis": "y", "origin": [8, 0, 0]},
			"faces": {
				"north": {"uv": [0, 0, 0, 8], "texture": "#2"},
				"east": {"uv": [0, 0, 8, 8], "texture": "#2"},
				"south": {"uv": [0, 0, 0, 8], "texture": "#2"},
				"west": {"uv": [0, 8, 8, 16], "texture": "#2"},
				"up": {"uv": [0, 8, 0, 0], "texture": "#2"},
				"down": {"uv": [0, 0, 0, 8], "texture": "#2"}
			}
		}
	],
	"display": {
		"thirdperson_righthand": {
			"rotation": [54, 180, 0],
			"translation": [0.25, 5, 2.75]
		},
		"thirdperson_lefthand": {
			"rotation": [54, 180, 0],
			"translation": [0.25, 5, 2.75]
		},
		"firstperson_righthand": {
			"rotation": [0, 180, 0],
			"translation": [0, 6.5, 2.75],
			"scale": [1, 0.75, 0.75]
		},
		"firstperson_lefthand": {
			"rotation": [0, 180, 0],
			"translation": [0, 6.5, 2.75],
			"scale": [1, 0.75, 0.75]
		},
		"ground": {
			"scale": [1, 0.5, 0.49]
		},
		"gui": {
			"rotation": [0, 90, 0]
		},
		"head": {
			"rotation": [0, 180, 0],
			"translation": [0, 11, -11]
		},
		"fixed": {
			"rotation": [0, -90, 0]
		}
	}
}